Job Title,Company,Location,Scraped Date
Senior Python Developer,"Payne, Roberts and Davis","Stewartbury, AA",2026-04-01 00:29:52.234862
Energy engineer,Vasquez-Davidson,"Christopherville, AA",2026-04-01 00:29:52.234862
Legal executive,"Jackson, Chambers and Levy","Port Ericaburgh, AA",2026-04-01 00:29:52.234862
Fitness centre manager,Savage-Bradley,"East Seanview, AP",2026-04-01 00:29:52.234862
Product manager,Ramirez Inc,"North Jamieview, AP",2026-04-01 00:29:52.234862
Medical technical officer,Rogers-Yates,"Davidville, AP",2026-04-01 00:29:52.234862
Physiological scientist,Kramer-Klein,"South Christopher, AE",2026-04-01 00:29:52.234862
Textile designer,Meyers-Johnson,"Port Jonathan, AE",2026-04-01 00:29:52.234862
Television floor manager,Hughes-Williams,"Osbornetown, AE",2026-04-01 00:29:52.234862
Waste management officer,"Jones, Williams and Villa","Scotttown, AP",2026-04-01 00:29:52.234862
Software Engineer (Python),Garcia PLC,"Ericberg, AE",2026-04-01 00:29:52.234862
Interpreter,Gregory and Sons,"Ramireztown, AE",2026-04-01 00:29:52.234862
Architect,"Clark, Garcia and Sosa","Figueroaview, AA",2026-04-01 00:29:52.234862
Meteorologist,Bush PLC,"Kelseystad, AA",2026-04-01 00:29:52.234862
Audiological scientist,Salazar-Meyers,"Williamsburgh, AE",2026-04-01 00:29:52.234862
English as a second language teacher,"Parker, Murphy and Brooks","Mitchellburgh, AE",2026-04-01 00:29:52.234862
Surgeon,Cruz-Brown,"West Jessicabury, AA",2026-04-01 00:29:52.234862
Equities trader,Macdonald-Ferguson,"Maloneshire, AE",2026-04-01 00:29:52.234862
Newspaper journalist,"Williams, Peterson and Rojas","Johnsonton, AA",2026-04-01 00:29:52.234862
Materials engineer,Smith and Sons,"South Davidtown, AP",2026-04-01 00:29:52.234862
Python Programmer (Entry-Level),"Moss, Duncan and Allen","Port Sara, AE",2026-04-01 00:29:52.234862
Product/process development scientist,Gomez-Carroll,"Marktown, AA",2026-04-01 00:29:52.234862
"Scientist, research (maths)","Manning, Welch and Herring","Laurenland, AE",2026-04-01 00:29:52.234862
Ecologist,"Lee, Gutierrez and Brown","Lauraton, AP",2026-04-01 00:29:52.234862
Materials engineer,"Davis, Serrano and Cook","South Tammyberg, AP",2026-04-01 00:29:52.234862
Historic buildings inspector/conservation officer,Smith LLC,"North Brandonville, AP",2026-04-01 00:29:52.234862
Data scientist,Thomas Group,"Port Robertfurt, AA",2026-04-01 00:29:52.234862
Psychiatrist,Silva-King,"Burnettbury, AE",2026-04-01 00:29:52.234862
Structural engineer,Pierce-Long,"Herbertside, AA",2026-04-01 00:29:52.234862
Immigration officer,Walker-Simpson,"Christopherport, AP",2026-04-01 00:29:52.234862
Python Programmer (Entry-Level),Cooper and Sons,"West Victor, AE",2026-04-01 00:29:52.234862
Neurosurgeon,"Donovan, Gonzalez and Figueroa","Port Aaron, AP",2026-04-01 00:29:52.234862
Broadcast engineer,"Morgan, Butler and Bennett","Loribury, AA",2026-04-01 00:29:52.234862
Make,Snyder-Lee,"Angelastad, AP",2026-04-01 00:29:52.234862
"Nurse, adult",Harris PLC,"Larrytown, AE",2026-04-01 00:29:52.234862
Air broker,Washington PLC,"West Colin, AP",2026-04-01 00:29:52.234862
"Editor, film/video","Brown, Price and Campbell","West Stephanie, AP",2026-04-01 00:29:52.234862
"Production assistant, radio",Mcgee PLC,"Laurentown, AP",2026-04-01 00:29:52.234862
"Engineer, communications",Dixon Inc,"Wrightberg, AP",2026-04-01 00:29:52.234862
Sales executive,"Thompson, Sheppard and Ward","Alberttown, AE",2026-04-01 00:29:52.234862
Software Developer (Python),Adams-Brewer,"Brockburgh, AE",2026-04-01 00:29:52.234862
Futures trader,Schneider-Brady,"North Jason, AE",2026-04-01 00:29:52.234862
Tour manager,Gonzales-Frank,"Arnoldhaven, AE",2026-04-01 00:29:52.234862
Cytogeneticist,Smith-Wong,"Lake Destiny, AP",2026-04-01 00:29:52.234862
"Designer, multimedia",Pierce-Herrera,"South Timothyburgh, AP",2026-04-01 00:29:52.234862
Trade union research officer,"Aguilar, Rivera and Quinn","New Jimmyton, AE",2026-04-01 00:29:52.234862
"Chemist, analytical","Lowe, Barnes and Thomas","New Lucasbury, AP",2026-04-01 00:29:52.234862
"Programmer, multimedia","Lewis, Gonzalez and Vasquez","Port Cory, AE",2026-04-01 00:29:52.234862
"Engineer, broadcasting (operations)",Taylor PLC,"Gileston, AA",2026-04-01 00:29:52.234862
"Teacher, primary school","Oliver, Jones and Ramirez","Cindyshire, AA",2026-04-01 00:29:52.234862
Python Developer,Rivera and Sons,"East Michaelfort, AA",2026-04-01 00:29:52.234862
Manufacturing systems engineer,Garcia PLC,"Joybury, AE",2026-04-01 00:29:52.234862
"Producer, television/film/video","Johnson, Wells and Kramer","Emmatown, AE",2026-04-01 00:29:52.234862
"Scientist, forensic",Gonzalez LLC,"Colehaven, AP",2026-04-01 00:29:52.234862
Bonds trader,"Morgan, White and Macdonald","Port Coryton, AE",2026-04-01 00:29:52.234862
Editorial assistant,Robinson-Fitzpatrick,"Amyborough, AA",2026-04-01 00:29:52.234862
Photographer,"Waters, Wilson and Hoover","Reynoldsville, AA",2026-04-01 00:29:52.234862
Retail banker,Hill LLC,"Port Billy, AP",2026-04-01 00:29:52.234862
Jewellery designer,Li-Gregory,"Adamburgh, AA",2026-04-01 00:29:52.234862
Ophthalmologist,"Fisher, Ryan and Coleman","Wilsonmouth, AA",2026-04-01 00:29:52.234862
"Back-End Web Developer (Python, Django)",Stewart-Alexander,"South Kimberly, AA",2026-04-01 00:29:52.234862
Licensed conveyancer,Abbott and Sons,"Benjaminland, AP",2026-04-01 00:29:52.234862
Futures trader,"Bryant, Santana and Davenport","Zacharyport, AA",2026-04-01 00:29:52.234862
Counselling psychologist,Smith PLC,"Port Devonville, AE",2026-04-01 00:29:52.234862
Insurance underwriter,Patterson-Singh,"East Thomas, AE",2026-04-01 00:29:52.234862
"Engineer, automotive",Martinez-Berry,"New Jeffrey, AP",2026-04-01 00:29:52.234862
"Producer, radio","May, Taylor and Fisher","Davidside, AA",2026-04-01 00:29:52.234862
Dispensing optician,"Bailey, Owen and Thompson","Jamesville, AA",2026-04-01 00:29:52.234862
"Designer, fashion/clothing",Vasquez Ltd,"New Kelly, AP",2026-04-01 00:29:52.234862
Chartered loss adjuster,Leblanc LLC,"Lake Antonio, AA",2026-04-01 00:29:52.234862
"Back-End Web Developer (Python, Django)","Jackson, Ali and Mckee","New Elizabethside, AA",2026-04-01 00:29:52.234862
Forest/woodland manager,"Blankenship, Knight and Powell","Millsbury, AE",2026-04-01 00:29:52.234862
Clinical cytogeneticist,"Patton, Haynes and Jones","Lloydton, AP",2026-04-01 00:29:52.234862
Print production planner,Wood Inc,"Port Jeremy, AA",2026-04-01 00:29:52.234862
Systems developer,Collins Group,"New Elizabethtown, AA",2026-04-01 00:29:52.234862
Graphic designer,Flores-Nelson,"Charlesstad, AE",2026-04-01 00:29:52.234862
Writer,"Mitchell, Jones and Olson","Josephbury, AE",2026-04-01 00:29:52.234862
Field seismologist,Howard Group,"Seanfurt, AA",2026-04-01 00:29:52.234862
Chief Strategy Officer,Kramer-Edwards,"Williambury, AA",2026-04-01 00:29:52.234862
Air cabin crew,Berry-Houston,"South Jorgeside, AP",2026-04-01 00:29:52.234862
Python Programmer (Entry-Level),Mathews Inc,"Robertborough, AP",2026-04-01 00:29:52.234862
Warden/ranger,Riley-Johnson,"South Saratown, AP",2026-04-01 00:29:52.234862
Sports therapist,Spencer and Sons,"Hullview, AA",2026-04-01 00:29:52.234862
Arts development officer,Camacho-Sanchez,"Philipland, AP",2026-04-01 00:29:52.234862
Printmaker,Oliver and Sons,"North Patty, AE",2026-04-01 00:29:52.234862
Health and safety adviser,Eaton PLC,"North Stephen, AE",2026-04-01 00:29:52.234862
Manufacturing systems engineer,Stanley-Frederick,"Stevensland, AP",2026-04-01 00:29:52.234862
"Programmer, applications",Bradley LLC,"Reyesstad, AE",2026-04-01 00:29:52.234862
Medical physicist,"Parker, Goodwin and Zavala","Bellberg, AP",2026-04-01 00:29:52.234862
Media planner,Kim-Miles,"North Johnland, AE",2026-04-01 00:29:52.234862
Software Developer (Python),Moreno-Rodriguez,"Martinezburgh, AE",2026-04-01 00:29:52.234862
"Surveyor, land/geomatics",Brown-Ortiz,"Joshuatown, AE",2026-04-01 00:29:52.234862
Legal executive,Hartman PLC,"West Ericstad, AA",2026-04-01 00:29:52.234862
"Librarian, academic",Brooks Inc,"Tuckertown, AE",2026-04-01 00:29:52.234862
Barrister,Washington-Castillo,"Perezton, AE",2026-04-01 00:29:52.234862
Museum/gallery exhibitions officer,"Nguyen, Yoder and Petty","Lake Abigail, AE",2026-04-01 00:29:52.234862
"Radiographer, diagnostic",Holder LLC,"Jacobshire, AP",2026-04-01 00:29:52.234862
Database administrator,Yates-Ferguson,"Port Susan, AE",2026-04-01 00:29:52.234862
Furniture designer,Ortega-Lawrence,"North Tiffany, AA",2026-04-01 00:29:52.234862
Ship broker,"Fuentes, Walls and Castro","Michelleville, AP",2026-04-01 00:29:52.234862
